,Trial-ID,Status,Iteration,batch_size,hidden_unit1,hidden_unit2,lr,lstm_hidden,Objective
0,1,INTERMEDIATE,1,2048,44,9,0.0005692991926790718,72,0.012511157369985848
1,1,COMPLETED,1,2048,44,9,0.0005692991926790718,72,0.012511157369985848
2,3,INTERMEDIATE,1,2048,22,12,0.0012892189924985048,67,0.013401714670197587
3,3,COMPLETED,1,2048,22,12,0.0012892189924985048,67,0.013401714670197587
